<configuration>

<property>
  <name>javax.jdo.option.ConnectionURL</name>
  <value>jdbc:mysql://lgpbd1050.gso.aexp.com:3306/hive?createDatabaseIfNotExist=true</value>
</property>

<property>
  <name>javax.jdo.option.ConnectionDriverName</name>
  <value>com.mysql.jdbc.Driver</value>
</property>

<property>
  <name>javax.jdo.option.ConnectionUserName</name>
  <value>bd_hivemeta</value>
</property>

<property>
  <name>javax.jdo.option.ConnectionPassword</name>
  <value>fnkjal0p</value>
</property>

<property>
  <name>hive.querylog.location</name>
  <value>/axp/hivequerylogs1/${user.name}</value>
</property>

<property>
  <name>hbase.zookeeper.quorum</name>
  <value>lgpbd1000.gso.aexp.com,lgpbd1010.gso.aexp.com,lgpbd1020.gso.aexp.com,lgpbd1030.gso.aexp.com,lgpbd1040.gso.aexp.com</value>
  <description>A comma separated list (with no spaces) of the IP addresses of all RegionServers in the cluster.</description>
</property>

<property>
  <name>hbase.zookeeper.property.clientPort</name>
  <value>5181</value>
  <description>The Zookeeper client port. The MapR default clientPort is 5181.</description>
</property>

<property>
  <name>hive.exec.scratchdir</name>
  <value>/axp/hivescratch/${user.name}/</value>
  <description>Scratch space for Hive jobs</description>
</property>

<property>
  <name>hive.stats.dbclass</name>
  <value>jdbc:mysql</value>
</property>

<property>
  <name>hive.stats.jdbcdriver</name>
  <value>com.mysql.jdbc.Driver</value>
</property>

<property>
  <name>hive.stats.dbconnectionstring</name>
  <value>jdbc:mysql://lgpbd1050.gso.aexp.com:3306/stats_db_name?useUnicode=true&amp;characterEncoding=UTF-8&amp;user=bd_hivemeta&amp;password=fnkjal0p</value>
</property>

<property>
  <name>hive.aux.jars.path</name>
  <value>file:///opt/mapr/hive/hive-0.13/lib/hive-hbase-handler-0.13.0-mapr-1508-21228.jar/,file:///opt/mapr/zookeeper/zookeeper-3.4.5/zookeeper-3.4.5-mapr-1406.jar</value>
  <description>A comma separated list (with no spaces) of the jar files required for Hive-HBase integration</description>
</property>

<property>
  <name>hive.support.concurrency</name>
  <description>Enable Hive's Table Lock Manager Service</description>
  <value>true</value>
</property>

<property>
  <name>hive.zookeeper.quorum</name>
  <description>Zookeeper quorum used by Hive's Table Lock Manager</description>
  <value>lgpbd1000.gso.aexp.com:5181,lgpbd1010.gso.aexp.com:5181,lgpbd1020.gso.aexp.com:5181,lgpbd1030.gso.aexp.com:5181,lgpbd1040.gso.aexp.com:5181</value>
</property>

<property>
  <name>hive.server2.enable.doAs</name>
  <value>true</value>
  <description>Set this property to enable impersonation in Hive Server 2</description>
</property>  

<property>
  <name>hive.session.history.enabled</name>
  <value>true</value>
 </property>

<property>
    <name>hive.server2.authentication</name>
    <value>PAM</value>
</property>

<property>
    <name>hive.server2.custom.authentication.class</name>
    <value>org.apache.hive.service.auth.PamAuthenticationProvider</value>
</property>

<property>
    <name>hive.server2.authentication.pam.services</name>
    <value>sshd,sudo</value>
    <description>comma separated list of pam modules to verify</description>
</property>

<property>
        <name>hive.metastore.schema.verification</name>
        <value>false</value>
</property>

<property>
        <name>hive.optimize.insert.dest.volume</name>
        <value>false</value>
</property>

 <property>
        <name>hive.optimize.sort.dynamic.partition</name>
        <value>false</value>
 </property>

<property>
  <name>datanucleus.fixedDatastore</name>
  <value>true</value>
</property>

<property>
  <name>datanucleus.autoCreateSchema</name>
  <value>false</value>
</property>

<property>
  <name>datanucleus.schema.autoCreateAll</name>
  <value>true</value>
</property>

<property>
  <name>datanucleus.schema.validateConstraints</name>
  <value>true</value>
</property>

<property>
  <name>datanucleus.schema.validateColumns</name>
  <value>true</value>
</property>

<property>
  <name>datanucleus.schema.validateTables</name>
  <value>true</value>
</property>



</configuration>
