<?xml version="1.0" encoding="UTF-8"?>
<workflow-app xmlns="uri:oozie:workflow:0.4" name="hive-wf">
    <start to="hive-node"/>
	
	<!-- Create Table - Hive Job -->
	
    <action name="hive-node">
        <hive xmlns="uri:oozie:hive-action:0.2">
            <job-tracker>${jobTracker}</job-tracker>
            <name-node>${nameNode}</name-node>
            <prepare>
                <delete path="maprfs:/axp/ws/krypton/dev/database/test"/>
                <mkdir path="maprfs:/axp/ws/krypton/dev/database/test"/>
            </prepare>
			<job-xml>hive-site.xml</job-xml>
            <configuration>
                <property>
                    <name>mapred.job.queue.name</name>
                    <value>${queueName}</value>
                </property>
            </configuration>
            <script>script.q</script>
            <param>INPUT=maprfs:/axp/ws/krypton/dev/test/</param>
            <param>OUTPUT=maprfs:/axp/ws/krypton/dev/database/test/</param>
        </hive>
        <ok to="hive-node1"/>
        <error to="email-node"/>
    </action>

	<!-- Load Data into UniqueuCall_Fact - Hive Job -->
	
	<action name="hive-node1">
        <hive xmlns="uri:oozie:hive-action:0.2">
            <job-tracker>${jobTracker}</job-tracker>
            <name-node>${nameNode}</name-node>
            <prepare>
                <delete path="maprfs:/axp/ws/krypton/dev/database/test1"/>
                <mkdir path="maprfs:/axp/ws/krypton/dev/database/test1"/>
            </prepare>
			<job-xml>hive-site.xml</job-xml>
            <configuration>
                <property>
                    <name>mapred.job.queue.name</name>
                    <value>${queueName}</value>
                </property>
            </configuration>
            <script>script1.q</script>
            <param>INPUT1=maprfs:/axp/ws/krypton/dev/database/test1/</param>
            <param>OUTPUT1=maprfs:/axp/ws/krypton/dev/database/test1/</param>
        </hive>
        <ok to="end"/>
        <error to="email-node"/>
    </action>

	<!-- Send email on failure - Email Action -->
	
	<action name="email-node">
        <email xmlns="uri:oozie:email-action:0.1">
            <to>sivaprasad.kollu@aexp.com</to>
            <cc>sivaprasad.kollu@aexp.com</cc>
            <subject>Hive Job Email Notification - ${queueName}:${wf:id()}</subject>
            <body>[${wf:errorMessage(wf:lastErrorNode())}]</body>
        </email>
        <ok to="end"/>
        <error to="fail"/>
    </action>
	
	<!-- Shell Script to get current date 
	
	<action name="shell-node">
        <shell xmlns="uri:oozie:shell-action:0.2">
            <job-tracker>${jobTracker}</job-tracker>
            <name-node>${nameNode}</name-node>
            <configuration>
                <property>
                    <name>mapred.job.queue.name</name>
                    <value>${queueName}</value>
                </property>
            </configuration>
            <exec>echo</exec>
            <argument>my_output=Hello Oozie</argument>
            <capture-output/>
        </shell>
        <ok to="check-output"/>
        <error to="fail"/>
    </action>
	
	
	<decision name="check-output">
        <switch>
            <case to="end">
                ${wf:actionData('shell-node')['my_output'] eq 'Hello Oozie'}
            </case>
            <default to="fail-output"/>
        </switch>
    </decision>
	
    <kill name="shell-fail">
        <message>Incorrect output, expected [Hello Oozie] but was [${wf:actionData('shell-node')['my_output']}]</message>
    </kill>
	-->
	
	 <kill name="fail">
        <message>Hive failed, error message[${wf:errorMessage(wf:lastErrorNode())}]</message>
    </kill>
    <end name="end"/>
</workflow-app>
